from_dep,to_dep
Алимбеков Н.К.,Турсунбаев А.А.
Алимбеков Н.К.,Турсунбаев А.А.
Айнакулов М.А.,Артыков А.А.
Асылбаева Г.К.,Жунус уулу Алтынбек
Баатырбеков А.Б.,Конушбаев Т.К.
Жунус уулу Адыл,Туманбаева Р.М.
Икрамов Т.И.,Жунус уулу Алтынбек
Мавлянова М.Э.,Туманбаева Р.М.
Ормонов У.З.,Тагаев Э.С.
Рыспаев К.Дж.,Каримов Н.Т.
Самаев У.О.,Нурматов К.С.
Токторов А.С.,Конушбаев Т.К.
Турсунбаев А.А.,Нурматов К.С.
Шайназаров Т.У.,Жунус уулу Алтынбек
Эгембердиев М.Б.,Джураев С.М.
Эгембердиев М.Б.,Джураев С.М.
Эгембердиев М.Б.,Омуркулов И.Ш.
Алимбеков Н.К.,Эргешов А.М.
Джураев С.М.,Зулпукаров Т.З.
Маннанов И.А.,Бакиров О.М.
Сулейманов Б.И.,Нышанов С.К.
Эгембердиев М.Б.,Строкова Е.Г.
Арапбаев А.А.,Омуркулов И.Ш.
Сулейманов Б.И.,Нышанов С.К.
Арапбаев А.А.,Омуркулов И.Ш.
Жунус уулу Адыл,Турускулов Ж.К.
Жеенбеков А.Ш.,Зулпукаров Т.З.
Исаев К.К.,Алыбаев О.А.
Каримов Н.Т.,Джураев С.М.
Маннанов И.А.,Джураев С.М.
Матраимов И.И.,Зулпукаров Т.З.
Пирматов И.А.,Сулайманов А.Т.
Рыспаев К.Дж.,Примов У.Б.
Торокулов Д.Г.,Турусбеков Б.С.
Турсунбеков Ч.А.,Нурбаев А.М.
Турускулов Ж.К.,Тиллаев Т.Г.
Эгембердиев М.Б.,Омуркулов И.Ш.
Жунус уулу Адыл,Турускулов Ж.К.
Матраимов И.И.,Зулпукаров Т.З.
Аманкулов М.А.,Бекешев Д.Д.
Матраимов И.И.,Зулпукаров Т.З.
Аманкулов М.А.,Омуркулов И.Ш.
Жапаров А.У.,Сулайманов А.Т.
Жапаров А.У.,Сулайманов А.Т.
Жеенбеков А.Ш.,Зулпукаров Т.З.
Орозова К.Б.,Карашев А.А.
Жапаров А.У.,Сулайманов А.Т.
Аманкулов М.А.,Омуркулов И.Ш.
Жапаров А.У.,Сулайманов А.Т.
Иманалиев К.К.,Сыдыгалиев Н.О.
Шер-Нияз С.,Сыдыгалиев Н.О.
Иманалиев К.К.,Сыдыгалиев Н.О.
Шер-Нияз С.,Сыдыгалиев Н.О.
Орозова К.Б.,Карашев А.А.
Осмонова А.Ш.,Жээнбеков А.Ш.
Орозова К.Б.,Карашев А.А.
Аманкулов М.А.,Омуркулов И.Ш.
Жапаров А.У.,Сулайманов А.Т.
Орозова К.Б.,Карашев А.А.
Осмонова А.Ш.,Жээнбеков А.Ш.
Сурабалдиева Э.Ж.,Омуркулов И.Ш.
Тулендыбаев П.Р.,Байбакпаев Э.Ж.
Аманкулов М.А.,Омуркулов И.Ш.
Жапаров А.У.,Сулайманов А.Т.
Орозова К.Б.,Карашев А.А.
Осмонова А.Ш.,Жээнбеков А.Ш.
Сурабалдиева Э.Ж.,Омуркулов И.Ш.
Тулендыбаев П.Р.,Байбакпаев Э.Ж.
Акаев Ж.К.,Примов У.Б.
Аманкулов М.А.,Омуркулов И.Ш.
Никитенко Н.В.,Шыкмаматов А.Н.
Тулендыбаев П.Р.,Байбакпаев Э.Ж.
Акаев Ж.К.,Примов У.Б.
Тулендыбаев П.Р.,Байбакпаев Э.Ж.
Баатырбеков А.Б.,Токторов А.С.
Баймуратов К.Ш.,Турускулов Ж.К.
Баатырбеков А.Б.,Токторов А.С.
Баймуратов К.Ш.,Турускулов Ж.К.
Туманбаева Р.М.,Мавлянова М.Э.
Строкова Е.Г.,Карашев А.А.
Баймуратов К.Ш.,Турускулов Ж.К.
Бекешев Д.Д.,Омуркулов И.Ш.
Аманкулов М.А.,Омуркулов И.Ш.
Тулендыбаев П.Р.,Байбакпаев Э.Ж.
Шер-Нияз С.,Токтошев Э.Т.
Аманкулов М.А.,Омуркулов И.Ш.
Шер-Нияз С.,Токтошев Э.Т.
Акаев Ж.К.,Примов У.Б.
Баймуратов К.Ш.,Турускулов Ж.К.
Орозова К.Б.,Карашев А.А.
Тулендыбаев П.Р.,Байбакпаев Э.Ж.
Акаев Ж.К.,Примов У.Б.
Аманкулов М.А.,Омуркулов И.Ш.
Баймуратов К.Ш.,Турускулов Ж.К.
Орозова К.Б.,Карашев А.А.
Тулендыбаев П.Р.,Байбакпаев Э.Ж.
Бекешев Д.Д.,Аманкулов М.А.
Орозова К.Б.,Карашев А.А.
Сурабалдиева Э.Ж.,Омуркулов И.Ш.
Аманкулов М.А.,Омуркулов И.Ш.
Бекешев Д.Д.,Аманкулов М.А.
Орозова К.Б.,Карашев А.А.
Сурабалдиева Э.Ж.,Омуркулов И.Ш.
Баймуратов К.Ш.,Турускулов Ж.К.
Баймуратов К.Ш.,Турускулов Ж.К.
Байбакпаев Э.Ж.,Тулендыбаев П.Р.
Байбакпаев Э.Ж.,Тулендыбаев П.Р.
Масалиев И.А.,Жамалдинов З.И.
Никитенко Н.В.,Шыкмаматов А.Н.
Никитенко Н.В.,Шыкмаматов А.Н.
Жапаров А.У.,Торокулов Д.Г.
Жапаров А.У.,Торокулов Д.Г.
Баймуратов К.Ш.,Турускулов Ж.К.
Сурабалдиева Э.Ж.,Строкова Е.Г.
Тулендыбаев П.Р.,Байбакпаев Э.Ж.
Сурабалдиева Э.Ж.,Строкова Е.Г.
Тулендыбаев П.Р.,Байбакпаев Э.Ж.
Никитенко Н.В.,Шыкмаматов А.Н.
Тулендыбаев П.Р.,Байбакпаев Э.Ж.
Никитенко Н.В.,Шыкмаматов А.Н.
Тулендыбаев П.Р.,Байбакпаев Э.Ж.
Джураев С.М.,Зулпукаров Т.З.
Жамалдинов З.И.,Шайназаров Т.У.
Жутанов А.Т.,Икрамов Т.И.
Келдибаев С.А.,Жоробеков Т.У.
Масалиев И.А.,Торобаев Б.Э.
Мусаев Н.И.,Исаев К.К.
Пирматов И.А.,Сулайманов А.Т.
Султанов А.М.,Асылбаева Г.К.
Тиллаев Т.Г.,Маматалиев М.А.
Токторов А.С.,Самаев У.О.
Туманбаева Р.М.,Алтынбеков А.
Чойбеков Р.Н.,Айдаров С.А.
Юсуров А.Л.,Икрамов Т.И.
Баймуратов К.Ш.,Турускулов Ж.К.
Масалиев И.А.,Торобаев Б.Э.
Баймуратов К.Ш.,Турускулов Ж.К.
Жапаров А.У.,Сулайманов А.Т.
Жеенбеков А.Ш.,Зулпукаров Т.З.
Осмонова А.Ш.,Жээнбеков А.Ш.
Самат Гульнара Клара,Маматов А.М.
Баймуратов К.Ш.,Турускулов Ж.К.
Жапаров А.У.,Сулайманов А.Т.
Исаева Д.Ш.,Абжалиев А.Т.
Осмонова А.Ш.,Жээнбеков А.Ш.
Бакиров М.И.,Торобаев Б.Э.
Жеенбеков А.Ш.,Зулпукаров Т.З.
Карашев А.А.,Керезбеков К.К.
Никитенко Н.В.,Шыкмаматов А.Н.
Сурабалдиева Э.Ж.,Омуркулов И.Ш.
Бакиров М.И.,Торобаев Б.Э.
Жеенбеков А.Ш.,Зулпукаров Т.З.
Карашев А.А.,Керезбеков К.К.
Никитенко Н.В.,Шыкмаматов А.Н.
Сурабалдиева Э.Ж.,Омуркулов И.Ш.
Мамашова А.Т.,Никитенко Н.В.
Осмонова А.Ш.,Жээнбеков А.Ш.
Строкова Е.Г.,Карашев А.А.
Сулейманов Б.И.,Иманалиев К.К.
Токторов А.С.,Алимбеков Н.К.
Баймуратов К.Ш.,Турускулов Ж.К.
Мамашова А.Т.,Никитенко Н.В.
Мамытов Т.Т.,Мавлянова М.Э.
Мусаев Н.И.,Исаев К.К.
Нышанов С.К.,Токтошев Э.Т.
Омуркулов И.Ш.,Аманкулов М.А.
Султанов А.М.,Асылбаева Г.К.
Токторов А.С.,Алимбеков Н.К.
Толонов Д.Э.,Алимбеков Н.К.
Туманбаева Р.М.,Абжалиев А.Т.
Турсунбаев А.А.,Алимбеков Н.К.
Чойбеков Р.Н.,Исаев Ж.Б.
Шер-Нияз С.,Токтошев Э.Т.
Мамашова А.Т.,Никитенко Н.В.
Осмонова А.Ш.,Жээнбеков А.Ш.
Строкова Е.Г.,Карашев А.А.
Сулейманов Б.И.,Иманалиев К.К.
Жапаров А.У.,Торокулов Д.Г.
Мамашова А.Т.,Никитенко Н.В.
Осмонова А.Ш.,Жээнбеков А.Ш.
Строкова Е.Г.,Карашев А.А.
Сулейманов Б.И.,Иманалиев К.К.
Иманалиев К.К.,Сулейманов Б.И.
Иманалиев К.К.,Сулейманов Б.И.
Жунус уулу Адыл,Мавлянова М.Э.
Артыков А.А.,Орозова К.Б.
Баатырбеков А.Б.,Турсунбаев А.А.
Баймуратов К.Ш.,Турускулов Ж.К.
Гайпкулов И.Т.,Токтошев Э.Т.
Карашев А.А.,Омуркулов И.Ш.
Маннанов И.А.,Нурбаев А.М.
Масабиров Т.А.,Турсунбаев А.А.
Никитенко Н.В.,Шыкмаматов А.Н.
Артыков А.А.,Орозова К.Б.
Баатырбеков А.Б.,Турсунбаев А.А.
Гайпкулов И.Т.,Токтошев Э.Т.
Карашев А.А.,Омуркулов И.Ш.
Масабиров Т.А.,Турсунбаев А.А.
не указано,Шыкмаматов А.Н.
Карашев А.А.,Омуркулов И.Ш.
Никитенко Н.В.,Шыкмаматов А.Н.
Карашев А.А.,Омуркулов И.Ш.
не указано,Шыкмаматов А.Н.
Акаев Ж.К.,Примов У.Б.
Мамашова А.Т.,Шыкмаматов А.Н.
Акаев Ж.К.,Примов У.Б.
Мамашова А.Т.,Шыкмаматов А.Н.
Акаев Ж.К.,Примов У.Б.
Бекешев Д.Д.,Аманкулов М.А.
Касымалиева А.К.,Осмонова А.Ш.
Сурабалдиева Э.Ж.,Омуркулов И.Ш.
Карашев А.А.,Омуркулов И.Ш.
Никитенко Н.В.,Шыкмаматов А.Н.
Касымалиева А.К.,Осмонова А.Ш.
Карашев А.А.,Омуркулов И.Ш.
Никитенко Н.В.,Шыкмаматов А.Н.
Сурабалдиева Э.Ж.,Омуркулов И.Ш.
Алыбаев О.А.,Исаев К.К.
Баймуратов К.Ш.,Турускулов Ж.К.
Касымалиева А.К.,Осмонова А.Ш.
Строкова Е.Г.,Карашев А.А.
Сурабалдиева Э.Ж.,Омуркулов И.Ш.
Баймуратов К.Ш.,Турускулов Ж.К.
Баймуратов К.Ш.,Турускулов Ж.К.
Баймуратов К.Ш.,Турускулов Ж.К.
Осмонова А.Ш.,Жээнбеков А.Ш.
Баймуратов К.Ш.,Турускулов Ж.К.
Дюшалиев А.К.,Баймуратов К.Ш.
Исаева Д.Ш.,Абжалиев А.Т.
Никитенко Н.В.,Токтошев Э.Т.
Сурабалдиева Э.Ж.,Омуркулов И.Ш.
Шыкмаматов А.Н.,Токтошев Э.Т.
Дюшалиев А.К.,Баймуратов К.Ш.
Никитенко Н.В.,Токтошев Э.Т.
Сурабалдиева Э.Ж.,Омуркулов И.Ш.
Шыкмаматов А.Н.,Токтошев Э.Т.
Дюшалиев А.К.,Баймуратов К.Ш.
Иманалиев К.К.,Токтошев Э.Т.
Касымалиева А.К.,Осмонова А.Ш.
Мусабекова Ж.А.,Матраимов И.И.
Тулендыбаев П.Р.,Байбакпаев Э.Ж.
Шыкмаматов А.Н.,Токтошев Э.Т.
Дюшалиев А.К.,Баймуратов К.Ш.
Иманалиев К.К.,Токтошев Э.Т.
Касымалиева А.К.,Осмонова А.Ш.
Мусабекова Ж.А.,Матраимов И.И.
Сулейманов Б.И.,Токтошев Э.Т.
Сурабалдиева Э.Ж.,Джураев С.М.
Тулендыбаев П.Р.,Байбакпаев Э.Ж.
Шер-Нияз С.,Гайпкулов И.Т.
Шыкмаматов А.Н.,Токтошев Э.Т.
Жапаров А.У.,Торокулов Д.Г.
Султанов А.М.,Торобаев Б.Э.
Алимбеков Н.К.,Эргешов А.М.
Арапбаев А.А.,Осмонова А.Ш.
Икрамов Т.И.,Асылбаева Г.К.
Иманалиев К.К.,Шыкмаматов А.Н.
Исаева Д.Ш.,Жеенчороев М.К.
Казакбаев Р.А.,Жеенчороев М.К.
Мавлянова М.Э.,Шарапов З.Э.
Мамашова А.Т.,Гайпкулов И.Т.
Матраимов И.И.,Мусабекова Ж.А.
Пирматов И.А.,Сулайманов А.Т.
Примов У.Б.,Омуркулов И.Ш.
Самаев У.О.,Исаев Ж.Б.
Строкова Е.Г.,Карашев А.А.
Султанов А.М.,Узакбаев А.О.
Сыдыков Б.У.,Жеенчороев М.К.
Токторов А.С.,Баатырбеков А.Б.
Торобаев Б.Э.,Бакиров М.И.
Турсунбаев А.А.,Баатырбеков А.Б.
Чойбеков Р.Н.,Исаев Ж.Б.
Шайназаров Т.У.,Бакиров М.И.
Эгембердиев М.Б.,Джураев С.М.
Аманкулов М.А.,Омуркулов И.Ш.
Баймуратов К.Ш.,Турускулов Ж.К.
Бакиров М.И.,Торобаев Б.Э.
Жоробеков Т.У.,Келдибаев С.А.
Зулпукаров Т.З.,Карашев А.А.
Нышанов С.К.,Сулейманов Б.И.
Баймуратов К.Ш.,Турускулов Ж.К.
Бакиров М.И.,Торобаев Б.Э.
Жоробеков Т.У.,Келдибаев С.А.
Зулпукаров Т.З.,Карашев А.А.
Нышанов С.К.,Сулейманов Б.И.
Омуркулов И.Ш.,Касымалиева А.К.
Жоробеков Т.У.,Келдибаев С.А.
Айнакулов М.А.,Омуркулов И.Ш.
Алимбеков Н.К.,Масабиров Т.А.
Арапбаев А.А.,Омуркулов И.Ш.
Бакчиев Ж.А.,Ормонов У.З.
Бокоев К.С.,Жеенчороев М.К.
Дюшалиев А.К.,Баймуратов К.Ш.
Жапаров А.У.,Ормонов У.З.
Жумалиев К.М.,Ормонов У.З.
Жутанов А.Т.,Икрамов Т.И.
Казакбаев Р.А.,Алтынбеков А.
Керезбеков К.К.,Касымалиева А.К.
Конушбаев Т.К.,Толонов Д.Э.
Кыдыралиев У.Т.,Маматалиев М.А.
Мамашова А.Т.,Нышанов С.К.
Мусаев Н.И.,Исаев К.К.
Сабиров М.Э.,Жеенчороев М.К.
Самигуллина А.Э.,Молдобекова Г.С.
Строкова Е.Г.,Касымалиева А.К.
Сулейманов Б.И.,Маматов А.М.
Султанов А.М.,Асылбаева Г.К.
Сурабалдиева Э.Ж.,Зулпукаров Т.З.
Сыдыков Б.У.,Алтынбеков А.
Токтошев Э.Т.,Маматов А.М.
Торобаев Б.Э.,Бакиров М.И.
Турсунбеков Ч.А.,Кулбараков А.И.
Шайназаров Т.У.,Бакиров М.И.
Шер-Нияз С.,Маматов А.М.
Эгембердиев М.Б.,Зулпукаров Т.З.
Юсуров А.Л.,Икрамов Т.И.
Исаков М.А.,Зулпукаров Т.З.
Сулайманов А.Т.,Абдылдаев М.Ю.
Тулендыбаев П.Р.,Байбакпаев Э.Ж.
Алимбеков Н.К.,Эргешов А.М.
Арапбаев А.А.,Омуркулов И.Ш.
Бакчиев Ж.А.,Ормонов У.З.
Жеенбеков А.Ш.,Зулпукаров Т.З.
Жутанов А.Т.,Икрамов Т.И.
Иманалиев К.К.,Шыкмаматов А.Н.
Исаев К.К.,Самаев У.О.
не указано,Зулпукаров Т.З.
Кулбараков А.И.,Нурбаев А.М.
Маматов А.М.,Шыкмаматов А.Н.
Маннанов И.А.,Касымалиева А.К.
Мусаев Н.И.,Самаев У.О.
Нышанов С.К.,Шыкмаматов А.Н.
Сабиров М.Э.,Жеенчороев М.К.
Самат Гульнара Клара,Шыкмаматов А.Н.
Сулейманов Б.И.,Шыкмаматов А.Н.
Тагаев Э.С.,Ормонов У.З.
Торобаев Б.Э.,Шайназаров Т.У.
Тотонов Н.Т.,Жеенчороев М.К.
Шер-Нияз С.,Шыкмаматов А.Н.
Исаков М.А.,Зулпукаров Т.З.
Аманкулов М.А.,Омуркулов И.Ш.
Бекешев Д.Д.,Аманкулов М.А.
Масабиров Т.А.,Нурматов К.С.
Бекешев Д.Д.,Аманкулов М.А.
Зулпукаров Т.З.,Омуркулов И.Ш.
Масабиров Т.А.,Нурматов К.С.
Бекешев Д.Д.,Аманкулов М.А.
Жапаров А.У.,Турусбеков Б.С.
Иманалиев К.К.,Нышанов С.К.
Бекешев Д.Д.,Аманкулов М.А.
Иманалиев К.К.,Нышанов С.К.
Баймуратов К.Ш.,Турускулов Ж.К.
Бакиров М.И.,Торобаев Б.Э.
Никитенко Н.В.,Шыкмаматов А.Н.
Баймуратов К.Ш.,Турускулов Ж.К.
Бакиров М.И.,Торобаев Б.Э.
Никитенко Н.В.,Шыкмаматов А.Н.
Баймуратов К.Ш.,Турускулов Ж.К.
Эгембердиев М.Б.,Джураев С.М.
Баймуратов К.Ш.,Турускулов Ж.К.
Эгембердиев М.Б.,Джураев С.М.
Айнакулов М.А.,Омуркулов И.Ш.
Жунус уулу Алтынбек,Торобаев Б.Э.
Иманалиев К.К.,Нышанов С.К.
Айнакулов М.А.,Омуркулов И.Ш.
Жунус уулу Алтынбек,Торобаев Б.Э.
Зулпукаров Т.З.,Жээнбеков А.Ш.
Иманалиев К.К.,Нышанов С.К.
Баймуратов К.Ш.,Турускулов Ж.К.
Зулпукаров Т.З.,Примов У.Б.
Строкова Е.Г.,Карашев А.А.
Токторов А.С.,Баатырбеков А.Б.
Шер-Нияз С.,Шыкмаматов А.Н.
Баймуратов К.Ш.,Турускулов Ж.К.
Бакиров М.И.,Торобаев Б.Э.
Бекешев Д.Д.,Аманкулов М.А.
Зулпукаров Т.З.,Примов У.Б.
Строкова Е.Г.,Карашев А.А.
Токторов А.С.,Баатырбеков А.Б.
Шер-Нияз С.,Шыкмаматов А.Н.
Гайпкулов И.Т.,Токтошев Э.Т.
Исаков М.А.,Зулпукаров Т.З.
Шер-Нияз С.,Шыкмаматов А.Н.
Никитенко Н.В.,Шыкмаматов А.Н.
Гайпкулов И.Т.,Токтошев Э.Т.
Исаков М.А.,Зулпукаров Т.З.
Шер-Нияз С.,Шыкмаматов А.Н.
Никитенко Н.В.,Шыкмаматов А.Н.
Аманкулов М.А.,Омуркулов И.Ш.
Бакиров М.И.,Торобаев Б.Э.
Примов У.Б.,Зулпукаров Т.З.
Аманкулов М.А.,Омуркулов И.Ш.
Бакиров М.И.,Торобаев Б.Э.
Жунус уулу Алтынбек,Торобаев Б.Э.
Аманкулов М.А.,Омуркулов И.Ш.
Зулпукаров Т.З.,Примов У.Б.
Молдобекова Г.С.,Самигуллина А.Э.
Сурабалдиева Э.Ж.,Джураев С.М.
Эргешов А.М.,Баатырбеков А.Б.
Аманкулов М.А.,Омуркулов И.Ш.
Зулпукаров Т.З.,Примов У.Б.
Молдобекова Г.С.,Самигуллина А.Э.
Строкова Е.Г.,Карашев А.А.
Эргешов А.М.,Баатырбеков А.Б.
Аманкулов М.А.,Омуркулов И.Ш.
Зулпукаров Т.З.,Примов У.Б.
Икрамов Т.И.,Асылбаева Г.К.
Масалиев И.А.,Асылбаева Г.К.
Сурабалдиева Э.Ж.,Джураев С.М.
Икрамов Т.И.,Асылбаева Г.К.
Сурабалдиева Э.Ж.,Джураев С.М.
Аманкулов М.А.,Омуркулов И.Ш.
Исаков М.А.,Зулпукаров Т.З.
Мамашова А.Т.,Никитенко Н.В.
Эгембердиев М.Б.,Зулпукаров Т.З.
Аманкулов М.А.,Омуркулов И.Ш.
Бакчиев Ж.А.,Акматов А.Ж.
Бокоев К.С.,Жеенчороев М.К.
Гайпкулов И.Т.,Токтошев Э.Т.
Жамангулов А.Ж.,Райымкулов Б.К.
Жетигенов Б.Ж.,Момбеков Р.Ч.
Жутанов А.Т.,Икрамов Т.И.
Жолдошбаев К.,Юсуров А.Л.
Жунус уулу Адыл,Мавлянова М.Э.
Исаева Д.Ш.,Турускулов Ж.К.
Исаков М.А.,Зулпукаров Т.З.
Кыдыралиев У.Т.,Маматалиев М.А.
Мамашова А.Т.,Никитенко Н.В.
Мусаев Н.И.,Алыбаев О.А.
Турсунбеков Ч.А.,Баатырбеков А.Б.
Сабиров М.Э.,Жеенчороев М.К.
Строкова Е.Г.,Карашев А.А.
Туманбаева Р.М.,Турускулов Ж.К.
Эгембердиев М.Б.,Зулпукаров Т.З.
Алтыбаева А.Т.,Керезбеков К.К.
Баймуратов К.Ш.,Турускулов Ж.К.
Бакиров М.И.,Торобаев Б.Э.
Жеенбеков А.Ш.,Зулпукаров Т.З.
Касымалиева А.К.,Зулпукаров Т.З.
Никитенко Н.В.,Шыкмаматов А.Н.
Сулайманов А.Т.,Абдылдаев М.Ю.
Тулендыбаев П.Р.,Зулушев К.Т.
Алтыбаева А.Т.,Керезбеков К.К.
Бакиров М.И.,Торобаев Б.Э.
Бакчиев Ж.А.,Абдылдаев М.Ю.
Жапаров А.У.,Торокулов Д.Г.
Жеенбеков А.Ш.,Шыкмаматов А.Н.
Исмаилова А.Ж.,Зулушев К.Т.
Касымалиева А.К.,Зулпукаров Т.З.
Никитенко Н.В.,Шыкмаматов А.Н.
Тулендыбаев П.Р.,Зулушев К.Т.
Зулпукаров Т.З.,Омуркулов И.Ш.
Сурабалдиева Э.Ж.,Омуркулов И.Ш.
Алыбаев О.А.,Баатырбеков А.Б.
Сурабалдиева Э.Ж.,Омуркулов И.Ш.
Сурабалдиева Э.Ж.,Аманкулов М.А.
Мадеминов М.Г.,Джураев С.М.
Токтошев Э.Т.,Шыкмаматов А.Н.
Айнакулов М.А.,Кулбараков А.И.
Арапбаев А.А.,Касымалиева А.К.
Бекешев Д.Д.,Аманкулов М.А.
Гайпкулов И.Т.,Шыкмаматов А.Н.
Жетигенов Б.Ж.,Молдобекова Г.С.
Каримов Н.Т.,Рыспаев К.Дж.
Мавлянова М.Э.,Мамытов Т.Т.
Мадеминов М.Г.,Джураев С.М.
Маннанов И.А.,Нурбаев А.М.
Мусабекова Ж.А.,Матраимов И.И.
Токтошев Э.Т.,Шыкмаматов А.Н.
Бекешев Д.Д.,Омуркулов И.Ш.
Исаков М.А.,Зулпукаров Т.З.
Маматов А.М.,Никитенко Н.В.
Самигуллина А.Э.,Строкова Е.Г.
Сурабалдиева Э.Ж.,Омуркулов И.Ш.
Тулендыбаев П.Р.,Зулушев К.Т.
Айнакулов М.А.,Зулпукаров Т.З.
Акматов А.Ж.,Торокулов Д.Г.
Аманкулов М.А.,Омуркулов И.Ш.
Арапбаев А.А.,Кодуранова А.С.
Асылбаева Г.К.,Масалиев И.А.
Баатырбеков А.Б.,Айдаров С.А.
Бакчиев Ж.А.,Ормонов У.З.
Бекешев Д.Д.,Омуркулов И.Ш.
Джураев С.М.,Каримов Н.Т.
Дюшалиев А.К.,Тиллаев Т.Г.
Жетигенов Б.Ж.,Алтыбаева А.Т.
Жунус уулу Адыл,Зулушев К.Т.
Жунус уулу Алтынбек,Жамалдинов З.И.
Исаева Д.Ш.,Жеенчороев М.К.
Исаков М.А.,Зулпукаров Т.З.
Келдибаев С.А.,Маматалиев М.А.
Мавлянова М.Э.,Туманбаева Р.М.
Мамашова А.Т.,Никитенко Н.В.
Матраимов И.И.,Примов У.Б.
Маматов А.М.,Никитенко Н.В.
Молдобекова Г.С.,Кодуранова А.С.
Нурбаев А.М.,Керезбеков К.К.
Пирматов И.А.,Сулайманов А.Т.
Рыспаев К.Дж.,Осмонова А.Ш.
Самигуллина А.Э.,Строкова Е.Г.
Сурабалдиева Э.Ж.,Омуркулов И.Ш.
Сулайманов А.Т.,Турсунбеков Ч.А.
Сулейманов Б.И.,Мамашова А.Т.
Сыдыков Б.У.,Алтынбеков А.
Субанбеков Б.Ж.,Ормонов У.З.
Тулендыбаев П.Р.,Зулушев К.Т.
Токтошев Э.Т.,Гайпкулов И.Т.
Токторов А.С.,Айдаров С.А.
Турсунбаев А.А.,Масабиров Т.А.
Турсунбеков Ч.А.,Омуркулов И.Ш.
Шайназаров Т.У.,Масалиев И.А.
Шарапов З.Э.,Турускулов Ж.К.
Шер-Нияз С.,Мамашова А.Т.
Алимбеков Н.К.,Эргешов А.М.
Аманкулов М.А.,Аттокуров Д.Б.
Баймуратов К.Ш.,Турускулов Ж.К.
Жапаров А.У.,Абдылдаев М.Ю.
Исаков М.А.,Каримов Н.Т.
Маматов А.М.,Никитенко Н.В.
Молдобекова Г.С.,Самигуллина А.Э.
Мадеминов М.Г.,Джураев С.М.
Маматалиев М.А.,Турускулов Ж.К.
Момбеков Р.Ч.,Джураев С.М.
Султанов А.М.,Асылбаева Г.К.
Эгембердиев М.Б.,Зулпукаров Т.З.
Юсуров А.Л.,Узакбаев А.О.
Айдаров С.А.,Нурматов С.А.
Алимбеков Н.К.,Эргешов А.М.
Акматов А.Ж.,Абдылдаев М.Ю.
Аманкулов М.А.,Зулпукаров Т.З.
Байбакпаев Э.Ж.,Абжалиев А.Т.
Баймуратов К.Ш.,Турускулов Ж.К.
Бакчиев Ж.А.,Эргешов А.М.
Жапаров А.У.,Абдылдаев М.Ю.
Жетигенов Б.Ж.,Мусабекова Ж.А.
Жолдошбаев К.,Икрамов Т.И.
Жунус уулу Адыл,Мавлянова М.Э.
Жутанов А.Т.,Икрамов Т.И.
Ибраимжанов Б.С.,Сыдыков Б.У.
Иманалиев К.К.,Нышанов С.К.
Исаков М.А.,Зулпукаров Т.З.
Казакбаев Р.А.,Бокоев К.С.
Каримов Н.Т.,Джураев С.М.
Келдибаев С.А.,Шарапов З.Э.
Кодуранова А.С.,Керезбеков К.К.
Мадеминов М.Г.,Джураев С.М.
Маматов А.М.,Никитенко Н.В.
Масалиев И.А.,Асылбаева Г.К.
Маннанов И.А.,Нурбаев А.М.
Молдобекова Г.С.,Самигуллина А.Э.
Момбеков Р.Ч.,Джураев С.М.
Ормонов У.З.,Чудинов И.В.
Осмонова А.Ш.,Орозова К.Б.
Пирматов И.А.,Торокулов Д.Г.
Сарсейитов И.З.,Самаев У.О.
Сулайманов А.Т.,Торокулов Д.Г.
Сулейманов Б.И.,Нышанов С.К.
Султанов А.М.,Асылбаева Г.К.
Токторов А.С.,Эргешов А.М.
Турсунбаев А.А.,Нурматов К.С.
Узакбаев А.О.,Асылбаева Г.К.
Шер-Нияз С.,Токтошев Э.Т.
Эгембердиев М.Б.,Зулпукаров Т.З.
Юсуров А.Л.,Узакбаев А.О.
Акаев Ж.К.,Примов У.Б.
Жунус уулу Адыл,Мавлянова М.Э.
Касымалиева А.К.,Орозова К.Б.
Жунус уулу Адыл,Мавлянова М.Э.
Алтыбаева А.Т.,Керезбеков К.К.
Акматов А.Ж.,Субанбеков Б.Ж.
Жеенбеков А.Ш.,Зулпукаров Т.З.
Касымалиева А.К.,Орозова К.Б.
Строкова Е.Г.,Карашев А.А.
Сурабалдиева Э.Ж.,Аманкулов М.А.
Эргешов А.М.,Чойбеков Р.Н.
Алтыбаева А.Т.,Керезбеков К.К.
Акматов А.Ж.,Субанбеков Б.Ж.
Исаков М.А.,Зулпукаров Т.З.
Касымалиева А.К.,Орозова К.Б.
Строкова Е.Г.,Карашев А.А.
Сурабалдиева Э.Ж.,Аманкулов М.А.
Эргешов А.М.,Чойбеков Р.Н.
Аманкулов М.А.,Зулпукаров Т.З.
Акматов А.Ж.,Субанбеков Б.Ж.
Арапбаев А.А.,Матраимов И.И.
Молдобекова Г.С.,Матраимов И.И.
Омуркулов И.Ш.,Зулпукаров Т.З.
Орозова К.Б.,Касымалиева А.К.
Строкова Е.Г.,Карашев А.А.
Сурабалдиева Э.Ж.,Аманкулов М.А.
Турсунбаев А.А.,Масабиров Т.А.
Турсунбеков Ч.А.,Омуркулов И.Ш.
Эгембердиев М.Б.,Зулпукаров Т.З.
Эргешов А.М.,Чойбеков Р.Н.
Айдаров С.А.,Толонов Д.Э.
Аманкулов М.А.,Омуркулов И.Ш.
Алтынбеков А.,Тиллаев Т.Г.
Арапбаев А.А.,Матраимов И.И.
Жамангулов А.Ж.,Турускулов Ж.К.
Жетигенов Б.Ж.,Бекешев Д.Д.
Жеенбеков А.Ш.,Зулпукаров Т.З.
Жутанов А.Т.,Икрамов Т.И.
Исаева Д.Ш.,Жеенчороев М.К.
Исаков М.А.,Зулпукаров Т.З.
Мадеминов М.Г.,Джураев С.М.
Молдобекова Г.С.,Матраимов И.И.
Назаров А.К.,Толонов Д.Э.
Нурбаев А.М.,Маннанов И.А.
Самаев У.О.,Чойбеков Р.Н.
Строкова Е.Г.,Карашев А.А.
Торобаев Б.Э.,Бакиров М.И.
Туманбаева Р.М.,Мавлянова М.Э.
Турсунбаев А.А.,Масабиров Т.А.
Турсунбеков Ч.А.,Омуркулов И.Ш.
Торокулов Д.Г.,Сулайманов А.Т.
Эгембердиев М.Б.,Зулпукаров Т.З.
Юсуров А.Л.,Икрамов Т.И.
Арапбаев А.А.,Омуркулов И.Ш.
Байбакпаев Э.Ж.,Тулендыбаев П.Р.
Иманалиев К.К.,Никитенко Н.В.
Токторов А.С.,Баатырбеков А.Б.
Арапбаев А.А.,Омуркулов И.Ш.
Байбакпаев Э.Ж.,Тулендыбаев П.Р.
Токторов А.С.,Баатырбеков А.Б.
Жунус уулу Алтынбек,Узакбаев А.О.
Пирматов И.А.,Сулайманов А.Т.
Алтынбеков А.,Турускулов Ж.К.
Джураев С.М.,Каримов Н.Т.
Зулпукаров Т.З.,Эгембердиев М.Б.
Исаков М.А.,Жээнбеков А.Ш.
Икрамов Т.И.,Жутанов А.Т.
Иманалиев К.К.,Никитенко Н.В.
Мадеминов М.Г.,Орозова К.Б.
Маннанов И.А.,Каримов Н.Т.
Маматов А.М.,Никитенко Н.В.
Мамытов Т.Т.,Абжалиев А.Т.
Масабиров Т.А.,Толонов Д.Э.
Молдобекова Г.С.,Керезбеков К.К.
Сурабалдиева Э.Ж.,Омуркулов И.Ш.
Торобаев Б.Э.,Шайназаров Т.У.
Тулендыбаев П.Р.,Зулушев К.Т.
Шарапов З.Э.,Зулушев К.Т.
Шер-Нияз С.,Токтошев Э.Т.
Эргешов А.М.,Алимбеков Н.К.
Алтынбеков А.,Турускулов Ж.К.
Арапбаев А.А.,Касымалиева А.К.
Артыкбаев О.М.,Касымалиева А.К.
Аттокуров Д.Б.,Омуркулов И.Ш.
Джураев С.М.,Каримов Н.Т.
Зулпукаров Т.З.,Эгембердиев М.Б.
Исаева Д.Ш.,Жеенчороев М.К.
Исаков М.А.,Жээнбеков А.Ш.
Икрамов Т.И.,Жутанов А.Т.
Иманалиев К.К.,Никитенко Н.В.
Казакбаев Р.А.,Сыдыков Б.У.
Мадеминов М.Г.,Орозова К.Б.
Маннанов И.А.,Каримов Н.Т.
Маматов А.М.,Никитенко Н.В.
Мамытов Т.Т.,Абжалиев А.Т.
Масабиров Т.А.,Толонов Д.Э.
Молдобекова Г.С.,Керезбеков К.К.
Назаров А.К.,Айдаров С.А.
Торобаев Б.Э.,Шайназаров Т.У.
Туманбаева Р.М.,Мавлянова М.Э.
Тулендыбаев П.Р.,Зулушев К.Т.
Самаев У.О.,Баатырбеков А.Б.
Сурабалдиева Э.Ж.,Омуркулов И.Ш.
Узакбаев А.О.,Жамалдинов З.И.
Шарапов З.Э.,Зулушев К.Т.
Шер-Нияз С.,Токтошев Э.Т.
Эргешов А.М.,Алимбеков Н.К.
Юсуров А.Л.,Жутанов А.Т.
Алимбеков Н.К.,Толонов Д.Э.
Макеев Н.К.,Баатырбеков А.Б.
Осмонова А.Ш.,Жээнбеков А.Ш.
Токторов А.С.,Баатырбеков А.Б.
Гайпкулов И.Т.,Токтошев Э.Т.
Исаков М.А.,Маннанов И.А.
Маннанов И.А.,Исаков М.А.
Нурматов К.С.,Масабиров Т.А.
Осмонова А.Ш.,Жээнбеков А.Ш.
Райымкулов Б.К.,Жамангулов А.Ж.
Гайпкулов И.Т.,Токтошев Э.Т.
Алимбеков Н.К.,Эргешов А.М.
Баатырбеков А.Б.,Турсунбаев А.А.
Жамангулов А.Ж.,Турускулов Ж.К.
Жапаров А.У.,Ормонов У.З.
Матраимов И.И.,Зулпукаров Т.З.
Масабиров Т.А.,Нурматов К.С.
Момбеков Р.Ч.,Омуркулов И.Ш.
Нурбаев А.М.,Керезбеков К.К.
Сулайманов А.Т.,Абдылдаев М.Ю.
Торокулов Д.Г.,Жапаров А.У.
Алимбеков Н.К.,Эргешов А.М.
Баатырбеков А.Б.,Турсунбаев А.А.
Жамангулов А.Ж.,Турускулов Ж.К.
Матраимов И.И.,Зулпукаров Т.З.
Масабиров Т.А.,Нурматов К.С.
Момбеков Р.Ч.,Омуркулов И.Ш.
Нурбаев А.М.,Керезбеков К.К.
Сулайманов А.Т.,Абдылдаев М.Ю.
Торокулов Д.Г.,Жапаров А.У.
Алимбеков Н.К.,Эргешов А.М.
Касымалиева А.К.,Карашев А.А.
Торобаев Б.Э.,Бакиров М.И.
Алимбеков Н.К.,Эргешов А.М.
Касымалиева А.К.,Карашев А.А.
Торобаев Б.Э.,Бакиров М.И.
Акматов А.Ж.,Субанбеков Б.Ж.
Алимбеков Н.К.,Эргешов А.М.
Строкова Е.Г.,Карашев А.А.
Акматов А.Ж.,Субанбеков Б.Ж.
Алимбеков Н.К.,Эргешов А.М.
Акаев Ж.К.,Строкова Е.Г.
Аманкулов М.А.,Омуркулов И.Ш.
Никитенко Н.В.,Мамашова А.Т.
Сулейманов Б.И.,Иманалиев К.К.
Токтошев Э.Т.,Иманалиев К.К.
Акаев Ж.К.,Строкова Е.Г.
Аманкулов М.А.,Омуркулов И.Ш.
Сулейманов Б.И.,Иманалиев К.К.
Никитенко Н.В.,Мамашова А.Т.
Токтошев Э.Т.,Иманалиев К.К.
Акматов А.Ж.,Субанбеков Б.Ж.
Исмаилова А.Ж.,Туманбаева Р.М.
Толонов Д.Э.,Айдаров С.А.
Тулендыбаев П.Р.,Зулушев К.Т.
Бекешев Д.Д.,Аманкулов М.А.
Самигуллина А.Э.,Молдобекова Г.С.
Строкова Е.Г.,Карашев А.А.
Торобаев Б.Э.,Масалиев И.А.
Бекешев Д.Д.,Аманкулов М.А.
Мамашова А.Т.,Никитенко Н.В.
Самигуллина А.Э.,Молдобекова Г.С.
Торобаев Б.Э.,Масалиев И.А.
Артыкбаев О.М.,Орозова К.Б.
Мамашова А.Т.,Никитенко Н.В.
Орозова К.Б.,Касымалиева А.К.
Торобаев Б.Э.,Жамалдинов З.И.
Аманкулов М.А.,Аттокуров Д.Б.
Мамашова А.Т.,Никитенко Н.В.
Торобаев Б.Э.,Жамалдинов З.И.
Аманкулов М.А.,Омуркулов И.Ш.
Артыкбаев О.М.,Орозова К.Б.
Мамашова А.Т.,Никитенко Н.В.
Артыкбаев О.М.,Орозова К.Б.
Мамашова А.Т.,Никитенко Н.В.
Акматов А.Ж.,Чудинов И.В.
Никитенко Н.В.,Маматов А.М.
Жеенбеков А.Ш.,Зулпукаров Т.З.
Тулендыбаев П.Р.,Зулушев К.Т.
Акматов А.Ж.,Субанбеков Б.Ж.
Кулбараков А.И.,Маннанов И.А.
Сулейманов Б.И.,Иманалиев К.К.
Тулендыбаев П.Р.,Зулушев К.Т.
Акматов А.Ж.,Субанбеков Б.Ж.
Кулбараков А.И.,Маннанов И.А.
Сулейманов Б.И.,Иманалиев К.К.
Тулендыбаев П.Р.,Зулушев К.Т.
Зулпукаров Т.З.,Матраимов И.И.
Никитенко Н.В.,Мамашова А.Т.
Зулпукаров Т.З.,Матраимов И.И.
Никитенко Н.В.,Мамашова А.Т.
Туманбаева Р.М.,Райымкулов Б.К.
Акаев Ж.К.,Примов У.Б.
Аманкулов М.А.,Бекешев Д.Д.
Артыкбаев О.М.,Орозова К.Б.
Ибраимжанов Б.С.,Казакбаев Р.А.
Омуркулов И.Ш.,Зулпукаров Т.З.
Алимбеков Н.К.,Баатырбеков А.Б.
Баймуратов К.Ш.,Казакбаев Р.А.
Ибраимжанов Б.С.,Казакбаев Р.А.
Примов У.Б.,Омуркулов И.Ш.
Иманалиев К.К.,Сулейманов Б.И.
Зулпукаров Т.З.,Мадеминов М.Г.
Акматов А.Ж.,Чудинов И.В.
Аманкулов М.А.,Омуркулов И.Ш.
Эргешов А.М.,Баатырбеков А.Б.
Акаев Ж.К.,Нурбаев А.М.
Аманкулов М.А.,Бекешев Д.Д.
Асылбаева Г.К.,Жунус уулу Алтынбек
Артыков А.А.,Омуркулов И.Ш.
Касымалиева А.К.,Арапбаев А.А.
Маннанов И.А.,Каримов Н.Т.
Омурбекова А.С.,Сабиров М.Э.
Орозова К.Б.,Артыкбаев О.М.
Осмонова А.Ш.,Бекешев Д.Д.
Салянова А.Ж.,Никитенко Н.В.
Узакбаев А.О.,Шайназаров Т.У.
Эргешов А.М.,Алимбеков Н.К.
Акаев Ж.К.,Нурбаев А.М.
Аманкулов М.А.,Омуркулов И.Ш.
Артыков А.А.,Омуркулов И.Ш.
Асылбаева Г.К.,Жунус уулу Алтынбек
Бабанов О.Т.,Сабиров М.Э.
Бокоев К.С.,Баймуратов К.Ш.
Жамангулов А.Ж.,Мавлянова М.Э.
Жеенчороев М.К.,Мамытов Т.Т.
Жумалиев К.М.,Акматов А.Ж.
Жунус уулу Адыл,Тулендыбаев П.Р.
Исмаилова А.Ж.,Шарапов З.Э.
Иминов Ф.А.,Алтынбеков А.
Казакбаев Р.А.,Мамытов Т.Т.
Калмаматов Ж.А.,Масабиров Т.А.
Касымалиева А.К.,Арапбаев А.А.
Маматов А.М.,Токтошев Э.Т.
Маннанов И.А.,Каримов Н.Т.
Макеев Н.К.,Нурматов К.С.
Масалиев И.А.,Торобаев Б.Э.
Назаров А.К.,Айдаров С.А.
Никитенко Н.В.,Мамашова А.Т.
Омурбекова А.С.,Сабиров М.Э.
Орозова К.Б.,Артыкбаев О.М.
Осмонова А.Ш.,Бекешев Д.Д.
Пирматов И.А.,Нурбаев А.М.
Салянова А.Ж.,Никитенко Н.В.
Турсунбаев А.А.,Масабиров Т.А.
Торокулов Д.Г.,Сулайманов А.Т.
Туманбаева Р.М.,Абжалиев А.Т.
Узакбаев А.О.,Шайназаров Т.У.
Чудинов И.В.,Бакчиев Ж.А.
Шадиев А.А.,Сулайманов А.Т.
Шыкмаматов А.Н.,Маматов А.М.
Эргешов А.М.,Алимбеков Н.К.
Юсуров А.Л.,Бакиров М.И.
Арапбаев А.А.,Эгембердиев М.Б.
Бокоев К.С.,Жеенчороев М.К.
Жамалдинов З.И.,Бакиров М.И.
Ибраимжанов Б.С.,Жеенчороев М.К.
Иманалиев К.К.,Маматов А.М.
Казакбаев Р.А.,Кыдыралиев У.Т.
Матраимов И.И.,Зулпукаров Т.З.
Мусабекова Ж.А.,Аманкулов М.А.
Назаров А.К.,Баатырбеков А.Б.
Никитенко Н.В.,Маматов А.М.
Нурбаев А.М.,Каримов Н.Т.
Нурматов К.С.,Масабиров Т.А.
Салянова А.Ж.,Шыкмаматов А.Н.
Сулейманов Б.И.,Маматов А.М.
Токтошев Э.Т.,Нышанов С.К.
Торобаев Б.Э.,Бакиров М.И.
Шер-Нияз С.,Маматов А.М.
Жутанов А.Т.,Икрамов Т.И.
Аманкулов М.А.,Зулпукаров Т.З.
Байбакпаев Э.Ж.,Тулендыбаев П.Р.
Бакчиев Ж.А.,Сулайманов А.Т.
Бокоев К.С.,Жеенчороев М.К.
Жамалдинов З.И.,Бакиров М.И.
Ибраимжанов Б.С.,Кыдыралиев У.Т.
Калмаматов Ж.А.,Масабиров Т.А.
Мамашова А.Т.,Нышанов С.К.
Матраимов И.И.,Зулпукаров Т.З.
Мусабекова Ж.А.,Аманкулов М.А.
Назаров А.К.,Баатырбеков А.Б.
Никитенко Н.В.,Маматов А.М.
Нурбаев А.М.,Каримов Н.Т.
Нурматов К.С.,Масабиров Т.А.
Самаев У.О.,Сарсейитов И.З.
Токтошев Э.Т.,Нышанов С.К.
Кулбараков А.И.,Маннанов И.А.
Аманкулов М.А.,Омуркулов И.Ш.
Маннанов И.А.,Каримов Н.Т.
Орозова К.Б.,Касымалиева А.К.
Аманкулов М.А.,Омуркулов И.Ш.
Зулпукаров Т.З.,Матраимов И.И.
Маннанов И.А.,Каримов Н.Т.
Орозова К.Б.,Касымалиева А.К.
Аманкулов М.А.,Омуркулов И.Ш.
Орозова К.Б.,Артыкбаев О.М.
Строкова Е.Г.,Карашев А.А.
Аманкулов М.А.,Омуркулов И.Ш.
Жамангулов А.Ж.,Турускулов Ж.К.
Мусабекова Ж.А.,Аттокуров Д.Б.
Орозова К.Б.,Артыкбаев О.М.
Акматов А.Ж.,Субанбеков Б.Ж.
Баймуратов К.Ш.,Жеенчороев М.К.
Жунус уулу Адыл,Туманбаева Р.М.
Молдобекова Г.С.,Примов У.Б.
Эгембердиев М.Б.,Исаков М.А.
Абжалиев А.Т.,Тиллаев Т.Г.
Акаев Ж.К.,Нурбаев А.М.
Алтынбеков А.,Тиллаев Т.Г.
Аманкулов М.А.,Керезбеков К.К.
Бабанов О.Т.,Жеенчороев М.К.
Бекешев Д.Д.,Аманкулов М.А.
Жапаров А.У.,Сулайманов А.Т.
Жунус уулу Алтынбек,Жамалдинов З.И.
Ибраимжанов Б.С.,Тулендыбаев П.Р.
Иманалиев К.К.,Токтошев Э.Т.
Казакбаев Р.А.,Жеенчороев М.К.
Касымалиева А.К.,Примов У.Б.
Маннанов И.А.,Зулпукаров Т.З.
Момбеков Р.Ч.,Алтыбаева А.Т.
Омуркулов И.Ш.,Зулпукаров Т.З.
Самаев У.О.,Баатырбеков А.Б.
Строкова Е.Г.,Карашев А.А.
Турсунбаев А.А.,Баатырбеков А.Б.
Турускулов Ж.К.,Жамангулов А.Ж.
Юсуров А.Л.,Икрамов Т.И.
Айнакулов М.А.,Мадеминов М.Г.
Жунус уулу Адыл,Туманбаева Р.М.
Эгембердиев М.Б.,Исаков М.А.
Акаев Ж.К.,Нурбаев А.М.
Алимбеков Н.К.,Баатырбеков А.Б.
Бабанов О.Т.,Жеенчороев М.К.
Бакчиев Ж.А.,Абдылдаев М.Ю.
Бекешев Д.Д.,Аманкулов М.А.
Джураев С.М.,Мадеминов М.Г.
Жутанов А.Т.,Икрамов Т.И.
Иманалиев К.К.,Токтошев Э.Т.
Касымалиева А.К.,Примов У.Б.
Мавлянова М.Э.,Тиллаев Т.Г.
Маннанов И.А.,Зулпукаров Т.З.
Ормонов У.З.,Торокулов Д.Г.
Сабиров М.Э.,Казакбаев Р.А.
Самаев У.О.,Сарсейитов И.З.
Строкова Е.Г.,Карашев А.А.
Султанов А.М.,Жамалдинов З.И.
Узакбаев А.О.,Асылбаева Г.К.
Турсунбаев А.А.,Баатырбеков А.Б.
Турускулов Ж.К.,Жамангулов А.Ж.
Шыкмаматов А.Н.,Токтошев Э.Т.
Айдаров С.А.,Толонов Д.Э.
Аттокуров Д.Б.,Кодуранова А.С.
Бабанов О.Т.,Жеенчороев М.К.
Жунус уулу Адыл,Баймуратов К.Ш.
Иминов Ф.А.,Тиллаев Т.Г.
Исаева Д.Ш.,Абжалиев А.Т.
Исаев К.К.,Джумабеков Д.А.
Казакбаев Р.А.,Жеенчороев М.К.
Калмаматов Ж.А.,Баатырбеков А.Б.
Назаров А.К.,Нурматов К.С.
Салянова А.Ж.,Никитенко Н.В.
Строкова Е.Г.,Карашев А.А.
Чолпонбаев У.С.,Мамытов Т.Т.
Юсуров А.Л.,Масалиев И.А.
Исаев К.К.,Самаев У.О.
Мамашова А.Т.,Маматов А.М.
Маннанов И.А.,Омуркулов И.Ш.
Аманкулов М.А.,Омуркулов И.Ш.
Никитенко Н.В.,Салянова А.Ж.
Алимбеков Н.К.,Эргешов А.М.
Аманкулов М.А.,Омуркулов И.Ш.
Акматов А.Ж.,Субанбеков Б.Ж.
Аманкулов М.А.,Омуркулов И.Ш.
Жетигенов Б.Ж.,Молдобекова Г.С.
Ибраимжанов Б.С.,Жеенчороев М.К.
Мамытов Т.Т.,Жеенчороев М.К.
Нурбаев А.М.,Маннанов И.А.
Осмонова А.Ш.,Касымалиева А.К.
Примов У.Б.,Молдобекова Г.С.
Сабиров М.Э.,Тулендыбаев П.Р.
Сыдыков Б.У.,Зулушев К.Т.
Турускулов Ж.К.,Тулендыбаев П.Р.
Аманкулов М.А.,Омуркулов И.Ш.
Зулпукаров Т.З.,Джураев С.М.
Нурбаев А.М.,Маннанов И.А.
Примов У.Б.,Жетигенов Б.Ж.
Акаев Ж.К.,Примов У.Б.
Алимбеков Н.К.,Эргешов А.М.
Зулпукаров Т.З.,Мадеминов М.Г.
Икрамов Т.И.,Узакбаев А.О.
Исаков М.А.,Омуркулов И.Ш.
Молдобекова Г.С.,Омуркулов И.Ш.
Назаров А.К.,Баатырбеков А.Б.
Сулейманов Б.И.,Нышанов С.К.
Токтошев Э.Т.,Нышанов С.К.
Жетигенов Б.Ж.,Самигуллина А.Э.
Икрамов Т.И.,Узакбаев А.О.
Исаков М.А.,Омуркулов И.Ш.
Касымалиева А.К.,Орозова К.Б.
Молдобекова Г.С.,Омуркулов И.Ш.
Строкова Е.Г.,Карашев А.А.
Сурабалдиева Э.Ж.,Джураев С.М.
Токтошев Э.Т.,Нышанов С.К.
Айнакулов М.А.,Артыков А.А.
Алтыбаева А.Т.,Жээнбеков А.Ш.
Аманкулов М.А.,Мусабекова Ж.А.
Асылбаева Г.К.,Султанов А.М.
Аттокуров Д.Б.,Омуркулов И.Ш.
Бекешев Д.Д.,Арапбаев А.А.
Джумабеков Д.А.,Баатырбеков А.Б.
Джураев С.М.,Момбеков Р.Ч.
Жетигенов Б.Ж.,Молдобекова Г.С.
Зулпукаров Т.З.,Омуркулов И.Ш.
Ибраимжанов Б.С.,Тулендыбаев П.Р.
Казакбаев Р.А.,Омурбекова А.С.
Кулбараков А.И.,Молдобекова Г.С.
Мавлянова М.Э.,Зулушев К.Т.
Мадеминов М.Г.,Омуркулов И.Ш.
Мамытов Т.Т.,Омурбекова А.С.
Осмонова А.Ш.,Касымалиева А.К.
Примов У.Б.,Нурбаев А.М.
Сабиров М.Э.,Жеенчороев М.К.
Самигуллина А.Э.,Омуркулов И.Ш.
Сарсейитов И.З.,Баатырбеков А.Б.
Сурабалдиева Э.Ж.,Арапбаев А.А.
Сыдыков Б.У.,Зулушев К.Т.
Турускулов Ж.К.,Тулендыбаев П.Р.
Чолпонбаев У.С.,Исаева Д.Ш.
Эргешов А.М.,Конушбаев Т.К.
Аманкулов М.А.,Бекешев Д.Д.
Мамашова А.Т.,Никитенко Н.В.
Токторов А.С.,Баатырбеков А.Б.
Эргешов А.М.,Алимбеков Н.К.
Аманкулов М.А.,Омуркулов И.Ш.
Алимбеков Н.К.,Макеев Н.К.
Бекешев Д.Д.,Арапбаев А.А.
Зулпукаров Т.З.,Мадеминов М.Г.
Самигуллина А.Э.,Омуркулов И.Ш.
Сурабалдиева Э.Ж.,Арапбаев А.А.
Сыдыков Б.У.,Зулушев К.Т.
Эргешов А.М.,Конушбаев Т.К.
Аманкулов М.А.,Бекешев Д.Д.
Мамашова А.Т.,Никитенко Н.В.
Токторов А.С.,Баатырбеков А.Б.
Эргешов А.М.,Алимбеков Н.К.
Айдаров С.А.,Толонов Д.Э.
Жумалиев К.М.,Акматов А.Ж.
Зулушев К.Т.,Абжалиев А.Т.
Конушбаев Т.К.,Толонов Д.Э.
Мавлянова М.Э.,Жеенчороев М.К.
Сурабалдиева Э.Ж.,Джураев С.М.
Токторов А.С.,Баатырбеков А.Б.
Турсунбаев А.А.,Нурматов К.С.
Баатырбеков А.Б.,Токторов А.С.
Орозова К.Б.,Карамушкина И.Ю.
Баатырбеков А.Б.,Токторов А.С.
Мусабекова Ж.А.,Кодуранова А.С.
Орозова К.Б.,Карамушкина И.Ю.
Молдобекова Г.С.,Омуркулов И.Ш.
Самигуллина А.Э.,Аманкулов М.А.
Строкова Е.Г.,Карашев А.А.
Молдобекова Г.С.,Омуркулов И.Ш.
Самигуллина А.Э.,Аманкулов М.А.
Строкова Е.Г.,Карашев А.А.
Молдобекова Г.С.,Самигуллина А.Э.
Сурабалдиева Э.Ж.,Омуркулов И.Ш.
Алимбеков Н.К.,Эргешов А.М.
Аттокуров Д.Б.,Кодуранова А.С.
Исаева Д.Ш.,Тулендыбаев П.Р.
Молдобекова Г.С.,Самигуллина А.Э.
Шайназаров Т.У.,Бакиров М.И.
Эгембердиев М.Б.,Исаков М.А.
Юсуров А.Л.,Икрамов Т.И.
Алимбеков Н.К.,Джумабеков Д.А.
Жумалиев К.М.,Акматов А.Ж.
Жетигенов Б.Ж.,Молдобекова Г.С.
Касымалиева А.К.,Орозова К.Б.
Мадеминов М.Г.,Джураев С.М.
Маннанов И.А.,Жээнбеков А.Ш.
Молдобекова Г.С.,Примов У.Б.
Осмонова А.Ш.,Джураев С.М.
Самигуллина А.Э.,Строкова Е.Г.
Субанбеков Б.Ж.,Акматов А.Ж.
Чудинов И.В.,Бакчиев Ж.А.
Алимбеков Н.К.,Джумабеков Д.А.
Жетигенов Б.Ж.,Молдобекова Г.С.
Жумалиев К.М.,Акматов А.Ж.
Касымалиева А.К.,Орозова К.Б.
Самигуллина А.Э.,Строкова Е.Г.
Субанбеков Б.Ж.,Акматов А.Ж.
Исаков М.А.,Зулпукаров Т.З.
Орозова К.Б.,Касымалиева А.К.
Исаков М.А.,Зулпукаров Т.З.
Карашев А.А.,Артыкбаев О.М.
Омуркулов И.Ш.,Керезбеков К.К.
Орозова К.Б.,Артыкбаев О.М.
Эргешов А.М.,Назаров А.К.
Акаев Ж.К.,Строкова Е.Г.
Аманкулов М.А.,Омуркулов И.Ш.
Калмаматов Ж.А.,Масабиров Т.А.
Карашев А.А.,Омуркулов И.Ш.
Орозова К.Б.,Касымалиева А.К.
Калмаматов Ж.А.,Масабиров Т.А.
Карашев А.А.,Омуркулов И.Ш.
Орозова К.Б.,Касымалиева А.К.
Алимбеков Н.К.,Эргешов А.М.
Аттокуров Д.Б.,Кодуранова А.С.
Бакиров М.И.,Узакбаев А.О.
Бокоев К.С.,Бабанов О.Т.
Калмаматов Ж.А.,Масабиров Т.А.
Самигуллина А.Э.,Примов У.Б.
Тулендыбаев П.Р.,Райымкулов Б.К.
Эргешов А.М.,Назаров А.К.
Алимбеков Н.К.,Эргешов А.М.
Аттокуров Д.Б.,Кодуранова А.С.
Бакиров М.И.,Узакбаев А.О.
Бокоев К.С.,Бабанов О.Т.
Калмаматов Ж.А.,Масабиров Т.А.
Самигуллина А.Э.,Примов У.Б.
Тулендыбаев П.Р.,Райымкулов Б.К.
Эргешов А.М.,Назаров А.К.
Акматов А.Ж.,Субанбеков Б.Ж.
Алтыбаева А.Т.,Жээнбеков А.Ш.
Карашев А.А.,Омуркулов И.Ш.
Кодуранова А.С.,Молдобекова Г.С.
Мадеминов М.Г.,Зулпукаров Т.З.
Сурабалдиева Э.Ж.,Аманкулов М.А.
Токторов А.С.,Баатырбеков А.Б.
Шайназаров Т.У.,Бакиров М.И.
Акматов А.Ж.,Субанбеков Б.Ж.
Алтыбаева А.Т.,Жээнбеков А.Ш.
Карашев А.А.,Омуркулов И.Ш.
Кодуранова А.С.,Молдобекова Г.С.
Сурабалдиева Э.Ж.,Аманкулов М.А.
Токторов А.С.,Баатырбеков А.Б.
Орозова К.Б.,Касымалиева А.К.
Мамытов Т.Т.,Бабанов О.Т.
Алтыбаева А.Т.,Омуркулов И.Ш.
Сулейманов Б.И.,Иманалиев К.К.
Алтыбаева А.Т.,Омуркулов И.Ш.
Алтыбаева А.Т.,Омуркулов И.Ш.
Бакиров М.И.,Жамалдинов З.И.
Иманалиев К.К.,Нышанов С.К.
Торобаев Б.Э.,Бакиров М.И.
Алтыбаева А.Т.,Омуркулов И.Ш.
Аманкулов М.А.,Омуркулов И.Ш.
Артыков А.А.,Карамушкина И.Ю.
Баатырбеков А.Б.,Токторов А.С.
Жамангулов А.Ж.,Бабанов О.Т.
Орозова К.Б.,Жылкыбаев У.К.
Сулейманов Б.И.,Шыкмаматов А.Н.
Сурабалдиева Э.Ж.,Омуркулов И.Ш.
Туманбаева Р.М.,Зулушев К.Т.
Алтыбаева А.Т.,Омуркулов И.Ш.
Бакиров М.И.,Жамалдинов З.И.
Жамангулов А.Ж.,Бабанов О.Т.
Иманалиев К.К.,Нышанов С.К.
Торобаев Б.Э.,Бакиров М.И.
Алтыбаева А.Т.,Омуркулов И.Ш.
Аманкулов М.А.,Омуркулов И.Ш.
Артыков А.А.,Карамушкина И.Ю.
Жамангулов А.Ж.,Бабанов О.Т.
Орозова К.Б.,Жылкыбаев У.К.
Сурабалдиева Э.Ж.,Омуркулов И.Ш.
Джумабеков Д.А.,Баатырбеков А.Б.
Жутанов А.Т.,Жамалдинов З.И.
Момбеков Р.Ч.,Джураев С.М.
Пирматов И.А.,Сулайманов А.Т.
Самаев У.О.,Исаев К.К.
Жутанов А.Т.,Жамалдинов З.И.
Молдобекова Г.С.,Кодуранова А.С.
Орозова К.Б.,Артыкбаев О.М.
Пирматов И.А.,Сулайманов А.Т.
Самаев У.О.,Исаев К.К.
Шайназаров Т.У.,Бакиров М.И.
Бабанов О.Т.,Сыдыков Б.У.
Жутанов А.Т.,Жамалдинов З.И.
Молдобекова Г.С.,Кодуранова А.С.
Пирматов И.А.,Сулайманов А.Т.
Самаев У.О.,Исаев К.К.
Шайназаров Т.У.,Бакиров М.И.
Осмонова А.Ш.,Омуркулов И.Ш.
Осмонова А.Ш.,Омуркулов И.Ш.
Молдобекова Г.С.,Кодуранова А.С.
Сарсейитов И.З.,Эргешов А.М.
Сарсейитов И.З.,Эргешов А.М.
Аманкулов М.А.,Аттокуров Д.Б.
Асылбек уулу Д.,Айдаров С.А.
Аттокуров Д.Б.,Кодуранова А.С.
Жунус уулу Адыл,Мавлянова М.Э.
Иминов Ф.А.,Сыдыков Б.У.
Исаев К.К.,Баатырбеков А.Б.
Казакбаев Р.А.,Сыдыков Б.У.
Мадеминов М.Г.,Зулпукаров Т.З.
Молдобекова Г.С.,Кодуранова А.С.
Нишанов Н.Н.,Жамангулов А.Ж.
Нурматов К.С.,Масабиров Т.А.
Сарсейитов И.З.,Эргешов А.М.
Тулендыбаев П.Р.,Байбакпаев Э.Ж.
Чудинов И.В.,Акматов А.Ж.
Эгембердиев М.Б.,Исаков М.А.
Аттокуров Д.Б.,Кодуранова А.С.
Жунус уулу Адыл,Мавлянова М.Э.
Молдобекова Г.С.,Кодуранова А.С.
Эгембердиев М.Б.,Исаков М.А.
Акматов А.Ж.,Субанбеков Б.Ж.
Нурматов К.С.,Масабиров Т.А.
Строкова Е.Г.,Омуркулов И.Ш.
Сурабалдиева Э.Ж.,Омуркулов И.Ш.
Акматов А.Ж.,Субанбеков Б.Ж.
Алтынбеков А.,Тиллаев Т.Г.
Строкова Е.Г.,Омуркулов И.Ш.
Сурабалдиева Э.Ж.,Омуркулов И.Ш.
Шыкмаматов А.Н.,Текебаев О.Ч.
Айнакулов М.А.,Омуркулов И.Ш.
Акматов А.Ж.,Субанбеков Б.Ж.
Аттокуров Д.Б.,Кодуранова А.С.
Бокоев К.С.,Омурбекова А.С.
Джумабеков Д.А.,Алимбеков Н.К.
Жунус уулу Адыл,Нишанов Н.Н.
Жутанов А.Т.,Жамалдинов З.И.
Иминов Ф.А.,Баймуратов К.Ш.
Исаев К.К.,Баатырбеков А.Б.
Кадыркулов И.А.,Джураев С.М.
Казакбаев Р.А.,Сыдыков Б.У.
Кыдыралиев У.Т.,Жеенчороев М.К.
Макеев Н.К.,Баатырбеков А.Б.
Мамашова А.Т.,Шыкмаматов А.Н.
Мамытов Т.Т.,Омурбекова А.С.
Токторов А.С.,Баатырбеков А.Б.
Турускулов Ж.К.,Тиллаев Т.Г.
Узакбаев А.О.,Асылбаева Г.К.
Чудинов И.В.,Ормонов У.З.
Шайназаров Т.У.,Жунус уулу Алтынбек
Акматов А.Ж.,Субанбеков Б.Ж.
Баатырбеков А.Б.,Турсунбаев А.А.
Мавлянова М.Э.,Абжалиев А.Т.
Самигуллина А.Э.,Омуркулов И.Ш.
Баатырбеков А.Б.,Турсунбаев А.А.
Мавлянова М.Э.,Абжалиев А.Т.
Самигуллина А.Э.,Омуркулов И.Ш.
Жумалиев К.М.,Акматов А.Ж.
Жунус уулу Адыл,Туманбаева Р.М.
Маннанов И.А.,Зулпукаров Т.З.
Орозова К.Б.,Артыкбаев О.М.
Жумалиев К.М.,Акматов А.Ж.
Жунус уулу Адыл,Туманбаева Р.М.
Карамушкина И.Ю.,Артыкбаев О.М.
Маннанов И.А.,Зулпукаров Т.З.
Орозова К.Б.,Артыкбаев О.М.
Мамашова А.Т.,Текебаев О.Ч.
Маннанов И.А.,Зулпукаров Т.З.
Орозова К.Б.,Артыкбаев О.М.
Туманбаева Р.М.,Жунус уулу Адыл
Мамашова А.Т.,Текебаев О.Ч.
Орозова К.Б.,Артыкбаев О.М.
Туманбаева Р.М.,Жунус уулу Адыл
Акматов А.Ж.,Субанбеков Б.Ж.
Баатырбеков А.Б.,Токторов А.С.
Матраимов И.И.,Исаев Т.К.
Молдобекова Г.С.,Кодуранова А.С.
Орозова К.Б.,Карамушкина И.Ю.
Строкова Е.Г.,Акаев Ж.К.
Токторов А.С.,Конушбаев Т.К.
Токтошев Э.Т.,Нышанов С.К.
Баатырбеков А.Б.,Токторов А.С.
Орозова К.Б.,Карамушкина И.Ю.
Строкова Е.Г.,Акаев Ж.К.
Токторов А.С.,Конушбаев Т.К.
Токтошев Э.Т.,Нышанов С.К.
Акматов А.Ж.,Субанбеков Б.Ж.
Алтыбаева А.Т.,Жээнбеков А.Ш.
Арапбаев А.А.,Аманкулов М.А.
Бакиров М.И.,Шайназаров Т.У.
Бекешев Д.Д.,Сурабалдиева Э.Ж.
Джакупова Ч.И.,Абдылдаев М.Ю.
Джураев С.М.,Маннанов И.А.
Жылкыбаев У.К.,Молдобекова Г.С.
Иманалиев К.К.,Сулейманов Б.И.
Исаков М.А.,Матраимов И.И.
Исаева Д.Ш.,Абжалиев А.Т.
Калмаматов Ж.А.,Турсунбаев А.А.
Мадеминов М.Г.,Исаев Т.К.
Никитенко Н.В.,Мамашова А.Т.
Абжалиев А.Т.,Бабанов О.Т.
Акматов А.Ж.,Субанбеков Б.Ж.
Алтыбаева А.Т.,Жээнбеков А.Ш.
Арапбаев А.А.,Аманкулов М.А.
Баймуратов К.Ш.,Казакбаев Р.А.
Бекешев Д.Д.,Сурабалдиева Э.Ж.
Джакупова Ч.И.,Абдылдаев М.Ю.
Джураев С.М.,Маннанов И.А.
Жылкыбаев У.К.,Молдобекова Г.С.
Зулушев К.Т.,Мамытов Т.Т.
Ибраимжанов Б.С.,Сабиров М.Э.
Иманалиев К.К.,Сулейманов Б.И.
Исаева Д.Ш.,Тиллаев Т.Г.
Исаков М.А.,Матраимов И.И.
Калмаматов Ж.А.,Турсунбаев А.А.
Каримов Н.Т.,Маннанов И.А.
Конушбаев Т.К.,Айдаров С.А.
Мавлянова М.Э.,Бабанов О.Т.
Мадеминов М.Г.,Исаев Т.К.
Мусабекова Ж.А.,Кодуранова А.С.
Никитенко Н.В.,Мамашова А.Т.
Самигуллина А.Э.,Примов У.Б.
Строкова Е.Г.,Аманкулов М.А.
Сыдыков Б.У.,Казакбаев Р.А.
Токтошев Э.Т.,Нышанов С.К.
Шыкмаматов А.Н.,Иманалиев К.К.
Чолпонбаев У.С.,Бокоев К.С.
Алтыбаева А.Т.,Орозова К.Б.
Бокоев К.С.,Бабанов О.Т.
Жапаров А.У.,Сулайманов А.Т.
Исаева Д.Ш.,Мавлянова М.Э.
Нишанов Н.Н.,Мамытов Т.Т.
Салянова А.Ж.,Никитенко Н.В.
Сурабалдиева Э.Ж.,Омуркулов И.Ш.
Бакиров М.И.,Торобаев Б.Э.
Бокоев К.С.,Бабанов О.Т.
Жапаров А.У.,Сулайманов А.Т.
Нишанов Н.Н.,Мамытов Т.Т.
Салянова А.Ж.,Никитенко Н.В.
Сурабалдиева Э.Ж.,Омуркулов И.Ш.
Жутанов А.Т.,Жамалдинов З.И.
Жылкыбаев У.К.,Арапбаев А.А.
Исаева Д.Ш.,Мавлянова М.Э.
Масалиев И.А.,Жамалдинов З.И.
Мусабекова Ж.А.,Кодуранова А.С.
Сыдыков Б.У.,Ибраимжанов Б.С.
Шайназаров Т.У.,Бакиров М.И.
Жунус уулу Адыл,Алтынбеков А.
Жылкыбаев У.К.,Арапбаев А.А.
Иминов Ф.А.,Бабанов О.Т.
Исаева Д.Ш.,Мавлянова М.Э.
Масалиев И.А.,Жамалдинов З.И.
Мусабекова Ж.А.,Кодуранова А.С.
Нишанов Н.Н.,Мамытов Т.Т.
Сабиров М.Э.,Бабанов О.Т.
Сыдыков Б.У.,Ибраимжанов Б.С.
Юсуров А.Л.,Торобаев Б.Э.
Исаева Д.Ш.,Мавлянова М.Э.
Калмаматов Ж.А.,Масабиров Т.А.
Кыдыралиев У.Т.,Омурбекова А.С.
Мамашова А.Т.,Нышанов С.К.
Мамытов Т.Т.,Нишанов Н.Н.
Никитенко Н.В.,Салянова А.Ж.
Самигуллина А.Э.,Омуркулов И.Ш.
Исаева Д.Ш.,Мавлянова М.Э.
Калмаматов Ж.А.,Масабиров Т.А.
Кыдыралиев У.Т.,Омурбекова А.С.
Мамашова А.Т.,Нышанов С.К.
Мамытов Т.Т.,Нишанов Н.Н.
Никитенко Н.В.,Салянова А.Ж.
Исаева Д.Ш.,Мавлянова М.Э.
Жамалдинов З.И.,Торобаев Б.Э.
Жамангулов А.Ж.,Бабанов О.Т.
Жунус уулу Алтынбек,Торобаев Б.Э.
Мамытов Т.Т.,Бокоев К.С.
Нишанов Н.Н.,Туманбаева Р.М.
Тулендыбаев П.Р.,Зулушев К.Т.
Жамалдинов З.И.,Торобаев Б.Э.
Жамангулов А.Ж.,Бабанов О.Т.
Жунус уулу Алтынбек,Торобаев Б.Э.
Мамытов Т.Т.,Бокоев К.С.
Нишанов Н.Н.,Туманбаева Р.М.
Тулендыбаев П.Р.,Зулушев К.Т.
Кыдыралиев У.Т.,Жамангулов А.Ж.
Масалиев И.А.,Асылбаева Г.К.
Орозова К.Б.,Артыкбаев О.М.
Толонов Д.Э.,Султанбекова Ч.А.
Тулендыбаев П.Р.,Бабанов О.Т.
Алтыбаева А.Т.,Омуркулов И.Ш.
Баатырбеков А.Б.,Исаев К.К.
Кыдыралиев У.Т.,Жамангулов А.Ж.
Масалиев И.А.,Асылбаева Г.К.
Толонов Д.Э.,Султанбекова Ч.А.
Тулендыбаев П.Р.,Бабанов О.Т.
Аманкулов М.А.,Омуркулов И.Ш.
Арапбаев А.А.,Жылкыбаев У.К.
Никитенко Н.В.,Салянова А.Ж.
Нишанов Н.Н.,Райымкулов Б.К.
Тулендыбаев П.Р.,Байбакпаев Э.Ж.
Аманкулов М.А.,Омуркулов И.Ш.
Арапбаев А.А.,Жылкыбаев У.К.
Исмаилова А.Ж.,Бабанов О.Т.
Никитенко Н.В.,Салянова А.Ж.
Нишанов Н.Н.,Райымкулов Б.К.
Тулендыбаев П.Р.,Байбакпаев Э.Ж.
Джураев С.М.,Мадеминов М.Г.
Кыдыралиев У.Т.,Омурбекова А.С.
Абжалиев А.Т.,Мавлянова М.Э.
Джумабеков Д.А.,Султанбекова Ч.А.
Молдобекова Г.С.,Примов У.Б.
Сатыбалдиев К.У.,Джураев С.М.
Омуркулов И.Ш.,Аманкулов М.А.
Торобаев Б.Э.,Жамалдинов З.И.
Сатыбалдиев К.У.,Омуркулов И.Ш.
Омуркулов И.Ш.,Аманкулов М.А.
Торобаев Б.Э.,Жамалдинов З.И.
Иминов Ф.А.,Сыдыков Б.У.
Мадеминов М.Г.,Джураев С.М.
Мамашова А.Т.,Никитенко Н.В.
Нурбаев А.М.,Омуркулов И.Ш.
Сулейманов Б.И.,Никитенко Н.В.
Толонов Д.Э.,Султанбекова Ч.А.
Иминов Ф.А.,Сыдыков Б.У.
Мадеминов М.Г.,Джураев С.М.
Нурбаев А.М.,Омуркулов И.Ш.
Толонов Д.Э.,Султанбекова Ч.А.
Акматов А.Ж.,Субанбеков Б.Ж.
Асылбек уулу Д.,Айдаров С.А.
Байбакпаев Э.Ж.,Тулендыбаев П.Р.
Бекешев Д.Д.,Аманкулов М.А.
Жапаров А.У.,Сулайманов А.Т.
Жумалиев К.М.,Чудинов И.В.
Жунус уулу Адыл,Омурбекова А.С.
Иминов Ф.А.,Бабанов О.Т.
Исаев Т.К.,Жылкыбаев У.К.
Исаева Д.Ш.,Жеенчороев М.К.
Кыдыралиев У.Т.,Казакбаев Р.А.
Мадеминов М.Г.,Джураев С.М.
Масабиров Т.А.,Исаев К.К.
Нишанов Н.Н.,Бабанов О.Т.
Пирматов И.А.,Сулайманов А.Т.
Тулендыбаев П.Р.,Казакбаев Р.А.
Туманбаева Р.М.,Нишанов Н.Н.
Чудинов И.В.,Сулайманов А.Т.
Байбакпаев Э.Ж.,Тулендыбаев П.Р.
Мадеминов М.Г.,Джураев С.М.
Масабиров Т.А.,Исаев К.К.
Туманбаева Р.М.,Жеенчороев М.К.
Самигуллина А.Э.,Турсунбеков Ч.А.
Чудинов И.В.,Сулайманов А.Т.
Акаев Ж.К.,Примов У.Б.
Баатырбеков А.Б.,Исаев К.К.
Сурабалдиева Э.Ж.,Омуркулов И.Ш.
Туманбаева Р.М.,Мавлянова М.Э.
Акаев Ж.К.,Примов У.Б.
Баатырбеков А.Б.,Исаев К.К.
Сурабалдиева Э.Ж.,Омуркулов И.Ш.
Акматов А.Ж.,Субанбеков Б.Ж.
Баатырбеков А.Б.,Исаев К.К.
Жунус уулу Алтынбек,Икрамов Т.И.
Иминов Ф.А.,Баймуратов К.Ш.
Исаева Д.Ш.,Жеенчороев М.К.
Молдобекова Г.С.,Самигуллина А.Э.
Нишанов Н.Н.,Райымкулов Б.К.
Сурабалдиева Э.Ж.,Омуркулов И.Ш.
Тулендыбаев П.Р.,Зулушев К.Т.
Туманбаева Р.М.,Абжалиев А.Т.
Акматов А.Ж.,Субанбеков Б.Ж.
Аманкулов М.А.,Омуркулов И.Ш.
Жамангулов А.Ж.,Райымкулов Б.К.
Иминов Ф.А.,Баймуратов К.Ш.
Сурабалдиева Э.Ж.,Омуркулов И.Ш.
Тулендыбаев П.Р.,Зулушев К.Т.
Строкова Е.Г.,Акаев Ж.К.
Торобаев Б.Э.,Шайназаров Т.У.
Строкова Е.Г.,Акаев Ж.К.
Торобаев Б.Э.,Шайназаров Т.У.
Алтынбеков А.,Тиллаев Т.Г.
Иманалиев К.К.,Нышанов С.К.
Кулбараков А.И.,Омуркулов И.Ш.
Нишанов Н.Н.,Райымкулов Б.К.
Пирматов И.А.,Абдылдаев М.Ю.
Турускулов Ж.К.,Жамангулов А.Ж.
Иманалиев К.К.,Нышанов С.К.
Нишанов Н.Н.,Райымкулов Б.К.
Пирматов И.А.,Абдылдаев М.Ю.
Турускулов Ж.К.,Жамангулов А.Ж.
Иминов Ф.А.,Омурбекова А.С.
Субанбеков Б.Ж.,Акматов А.Ж.
Сулайманов А.Т.,Абдылдаев М.Ю.
Чудинов И.В.,Сулайманов А.Т.
Иминов Ф.А.,Омурбекова А.С.
Сулайманов А.Т.,Абдылдаев М.Ю.
Чудинов И.В.,Сулайманов А.Т.
Акаев Ж.К.,Примов У.Б.
Алтынбеков А.,Райымкулов Б.К.
Жунус уулу Алтынбек,Торобаев Б.Э.
Исмаилова А.Ж.,Тулендыбаев П.Р.
Казакбаев Р.А.,Тиллаев Т.Г.
Мамашова А.Т.,Нышанов С.К.
Нишанов Н.Н.,Тиллаев Т.Г.
Сурабалдиева Э.Ж.,Аманкулов М.А.
Алтынбеков А.,Тиллаев Т.Г.
Иминов Ф.А.,Сыдыков Б.У.
Зулпукаров Т.З.,Аманкулов М.А.
Жунус уулу Адыл,Мавлянова М.Э.
Казакбаев Р.А.,Тиллаев Т.Г.
Калмаматов Ж.А.,Бабанов О.Т.
Кыдыралиев У.Т.,Бабанов О.Т.
Мавлянова М.Э.,Жеенчороев М.К.
Нурматов К.С.,Айдаров С.А.
Толонов Д.Э.,Айдаров С.А.
Тулендыбаев П.Р.,Байбакпаев Э.Ж.
Узакбаев А.О.,Икрамов Т.И.
Акаев Ж.К.,Примов У.Б.
Бакиров М.И.,Торобаев Б.Э.
Джумабеков Д.А.,Толонов Д.Э.
Жамалдинов З.И.,Торобаев Б.Э.
Жунус уулу Алтынбек,Торобаев Б.Э.
Иминов Ф.А.,Казакбаев Р.А.
Исмаилова А.Ж.,Тулендыбаев П.Р.
Мамашова А.Т.,Нышанов С.К.
Мискенбаев М.Дж.,Строкова Е.Г.
Нишанов Н.Н.,Алтынбеков А.
Пирматов И.А.,Абдылдаев М.Ю.
Сабиров М.Э.,Омурбекова А.С.
Самигуллина А.Э.,Артыков А.А.
Сурабалдиева Э.Ж.,Аманкулов М.А.
Тиллаев Т.Г.,Райымкулов Б.К.
Туманбаева Р.М.,Жунус уулу Адыл
Турускулов Ж.К.,Алтынбеков А.
Шер-Нияз С.,Токтошев Э.Т.
Айнакулов М.А.,Кадыркулов И.А.
Акаев Ж.К.,Примов У.Б.
Алтыбаева А.Т.,Орозова К.Б.
Арапбаев А.А.,Жылкыбаев У.К.
Асылбек уулу Д.,Айдаров С.А.
Бабанов О.Т.,Омурбекова А.С.
Баймуратов К.Ш.,Сыдыков Б.У.
Бакиров М.И.,Торобаев Б.Э.
Бокоев К.С.,Жамангулов А.Ж.
Джумабеков Д.А.,Толонов Д.Э.
Жамалдинов З.И.,Торобаев Б.Э.
Жолдошбаев К.,Узакбаев А.О.
Жунус уулу Алтынбек,Икрамов Т.И.
Жутанов А.Т.,Торобаев Б.Э.
Зулушев К.Т.,Тулендыбаев П.Р.
Иманалиев К.К.,Токтошев Э.Т.
Иминов Ф.А.,Сыдыков Б.У.
Исмаилова А.Ж.,Абжалиев А.Т.
Казакбаев Р.А.,Алтынбеков А.
Каримов Н.Т.,Джураев С.М.
Кодуранова А.С.,Омуркулов И.Ш.
Макеев Н.К.,Баатырбеков А.Б.
Мамашова А.Т.,Нышанов С.К.
Мамытов Т.Т.,Жеенчороев М.К.
Масалиев И.А.,Икрамов Т.И.
Мискенбаев М.Дж.,Строкова Е.Г.
Нишанов Н.Н.,Алтынбеков А.
Нурматов К.С.,Айдаров С.А.
Омуркулов И.Ш.,Зулпукаров Т.З.
Пирматов И.А.,Абдылдаев М.Ю.
Сабиров М.Э.,Омурбекова А.С.
Самаев У.О.,Масабиров Т.А.
Самигуллина А.Э.,Артыков А.А.
Сулейманов Б.И.,Токтошев Э.Т.
Сурабалдиева Э.Ж.,Аманкулов М.А.
Тиллаев Т.Г.,Райымкулов Б.К.
Турсунбаев А.А.,Калмаматов Ж.А.
Турсунбеков Ч.А.,Аманкулов М.А.
Турускулов Ж.К.,Алтынбеков А.
Чолпонбаев У.С.,Жеенчороев М.К.
Шер-Нияз С.,Токтошев Э.Т.
Алтынбеков А.,Тиллаев Т.Г.
Аттокуров Д.Б.,Аманкулов М.А.
Бакиров М.И.,Торобаев Б.Э.
Бакчиев Ж.А.,Джакупова Ч.И.
Иминов Ф.А.,Сыдыков Б.У.
Икрамов Т.И.,Узакбаев А.О.
Жамалдинов З.И.,Асылбаева Г.К.
Жамангулов А.Ж.,Жеенчороев М.К.
Жолдошбаев К.,Торобаев Б.Э.
Жутанов А.Т.,Торобаев Б.Э.
Жылкыбаев У.К.,Турсунбеков Ч.А.
Казакбаев Р.А.,Бокоев К.С.
Масалиев И.А.,Икрамов Т.И.
Самигуллина А.Э.,Омуркулов И.Ш.
Шайназаров Т.У.,Торобаев Б.Э.
Чолпонбаев У.С.,Мамытов Т.Т.
Юсуров А.Л.,Асылбаева Г.К.
Жамангулов А.Ж.,Жеенчороев М.К.
Самигуллина А.Э.,Омуркулов И.Ш.
Кыдыралиев У.Т.,Бабанов О.Т.
Нишанов Н.Н.,Мамытов Т.Т.
